{
  "application": "genotype_pair_ld",
  "crypto_artifacts": {
    "ciphertext_bytes_per_sample": 2621791.0,
    "ciphertext_bytes_total": 65544775,
    "public_context_bytes": 9438280,
    "public_context_sha256": "sha256:02ef22ce17cb2eb5d49fafafc87be6f256418b302fb7248726d5e5f3d3ea0b21",
    "result_bytes": 6554490,
    "result_sha256": "sha256:f0c0af3c22154cdc151af8c4f3fe2a3e21911179eb13a16b9dd3b4fbe3a45b73"
  },
  "decoded": {
    "covariance": [
      -0.072,
      -0.05600000000000001,
      0.006399999999999996,
      0.1056,
      0.04799999999999999,
      0.1359999999999999,
      -0.03839999999999999,
      -0.072,
      -0.072,
      -0.1824,
      0.11200000000000002
    ],
    "mean_a": [
      0.36,
      0.2,
      0.28,
      0.12,
      0.12,
      1.6,
      0.44,
      0.36,
      0.2,
      0.36,
      0.84
    ],
    "mean_b": [
      0.2,
      0.28,
      0.12,
      0.12,
      1.6,
      0.44,
      0.36,
      0.2,
      0.36,
      0.84,
      0.2
    ],
    "mean_g_a": [
      0.36,
      0.2,
      0.28,
      0.12,
      0.12,
      1.6,
      0.44,
      0.36,
      0.2,
      0.36,
      0.84
    ],
    "mean_g_b": [
      0.2,
      0.28,
      0.12,
      0.12,
      1.6,
      0.44,
      0.36,
      0.2,
      0.36,
      0.84,
      0.2
    ],
    "n_contributors": 25,
    "pair_count": 11,
    "protocol": "genotype_pair_ld",
    "r": [
      -0.37499999999999994,
      -0.3118047822311618,
      0.04386344633065124,
      1.0,
      0.30151134457776396,
      0.4354681916417763,
      -0.12549116102763166,
      -0.37499999999999994,
      -0.37499999999999994,
      -0.5198168724063537,
      0.38302295861520796
    ],
    "r2": [
      0.14062499999999997,
      0.09722222222222224,
      0.001924001924001922,
      1.0,
      0.09090909090909112,
      0.18963254593175882,
      0.01574803149606298,
      0.14062499999999997,
      0.14062499999999997,
      0.27020958083832336,
      0.14670658682634732
    ],
    "sum_a": [
      9,
      5,
      7,
      3,
      3,
      40,
      11,
      9,
      5,
      9,
      21
    ],
    "sum_a2": [
      9,
      5,
      7,
      3,
      3,
      70,
      15,
      9,
      5,
      9,
      31
    ],
    "sum_ab": [
      0,
      0,
      1,
      3,
      6,
      21,
      3,
      0,
      0,
      3,
      7
    ],
    "sum_b": [
      5,
      7,
      3,
      3,
      40,
      11,
      9,
      5,
      9,
      21,
      5
    ],
    "sum_b2": [
      5,
      7,
      3,
      3,
      70,
      15,
      9,
      5,
      9,
      31,
      5
    ],
    "sum_g_a": [
      9,
      5,
      7,
      3,
      3,
      40,
      11,
      9,
      5,
      9,
      21
    ],
    "sum_g_a2": [
      9,
      5,
      7,
      3,
      3,
      70,
      15,
      9,
      5,
      9,
      31
    ],
    "sum_g_a_g_b": [
      0,
      0,
      1,
      3,
      6,
      21,
      3,
      0,
      0,
      3,
      7
    ],
    "sum_g_b": [
      5,
      7,
      3,
      3,
      40,
      11,
      9,
      5,
      9,
      21,
      5
    ],
    "sum_g_b2": [
      5,
      7,
      3,
      3,
      70,
      15,
      9,
      5,
      9,
      31,
      5
    ],
    "var_a": [
      0.2304,
      0.16,
      0.2016,
      0.1056,
      0.1056,
      0.23999999999999932,
      0.4064,
      0.2304,
      0.16,
      0.2304,
      0.5344000000000001
    ],
    "var_b": [
      0.16,
      0.2016,
      0.1056,
      0.1056,
      0.23999999999999932,
      0.4064,
      0.2304,
      0.16,
      0.2304,
      0.5344000000000001,
      0.16
    ],
    "variance_g_a": [
      0.2304,
      0.16,
      0.2016,
      0.1056,
      0.1056,
      0.23999999999999932,
      0.4064,
      0.2304,
      0.16,
      0.2304,
      0.5344000000000001
    ],
    "variance_g_b": [
      0.16,
      0.2016,
      0.1056,
      0.1056,
      0.23999999999999932,
      0.4064,
      0.2304,
      0.16,
      0.2304,
      0.5344000000000001,
      0.16
    ]
  },
  "timings_ms": {
    "compute_ms": 1824.5695420046104,
    "decode_ms": 0.03904199547832832,
    "decrypt_ms": 69.2305420016055,
    "encode_ms": 0.11066699516959488,
    "encrypt_ms": 1233.705958002247,
    "keygen_ms": 277.54462500161026,
    "total_ms": 3405.200376000721
  }
}
