pair_index,coordinate_a,coordinate_b,n_samples,sum_a,sum_b,sum_ab,covariance,r2
1,22:16051249:T:C,22:16052080:G:A,25,9,5,0,-0.072,0.14062499999999997
2,22:16052080:G:A,22:16052962:C:T,25,5,7,0,-0.05600000000000001,0.09722222222222224
3,22:16052962:C:T,22:16052986:C:A,25,7,3,1,0.006399999999999996,0.001924001924001922
4,22:16052986:C:A,22:16053444:A:T,25,3,3,3,0.1056,1.0
5,22:16053444:A:T,22:16053659:A:C,25,3,40,6,0.04799999999999999,0.09090909090909112
6,22:16053659:A:C,22:16053791:C:A,25,40,11,21,0.1359999999999999,0.18963254593175882
7,22:16053791:C:A,22:16053862:C:T,25,11,9,3,-0.03839999999999999,0.01574803149606298
8,22:16053862:C:T,22:16053863:G:A,25,9,5,0,-0.072,0.14062499999999997
9,22:16053863:G:A,22:16054454:C:T,25,5,9,0,-0.072,0.14062499999999997
10,22:16054454:C:T,22:16054740:A:G,25,9,21,3,-0.1824,0.27020958083832336
11,22:16054740:A:G,22:16055070:G:A,25,21,5,7,0.11200000000000002,0.14670658682634732
