variant_index,coordinate,variant_id,chrom,pos,ref,alt,n_samples,allele_number,alt_count,allele_frequency,igsr_global_af,abs_delta_vs_igsr_global_af
1,22:16051249:T:C,22:16051249:T:C,22,16051249,T,C,10,20,4,0.2,0.11242,0.08758
2,22:16052080:G:A,22:16052080:G:A,22,16052080,G,A,10,20,3,0.15,0.141174,0.008826
3,22:16052962:C:T,22:16052962:C:T,22,16052962,C,T,10,20,3,0.15,0.0938498,0.0561502
4,22:16052986:C:A,22:16052986:C:A,22,16052986,C,A,10,20,1,0.05,0.0740815,0.024081499999999992
5,22:16053444:A:T,22:16053444:A:T,22,16053444,A,T,10,20,1,0.05,0.071885,0.021885
6,22:16053659:A:C,22:16053659:A:C,22,16053659,A,C,10,20,15,0.75,0.857628,0.10762799999999995
7,22:16053791:C:A,22:16053791:C:A,22,16053791,C,A,10,20,5,0.25,0.165935,0.084065
8,22:16053862:C:T,22:16053862:C:T,22,16053862,C,T,10,20,4,0.2,0.114617,0.08538300000000001
9,22:16053863:G:A,22:16053863:G:A,22,16053863,G,A,10,20,3,0.15,0.140375,0.009624999999999995
10,22:16054454:C:T,22:16054454:C:T,22,16054454,C,T,10,20,4,0.2,0.115815,0.08418500000000001
11,22:16054740:A:G,22:16054740:A:G,22,16054740,A,G,10,20,7,0.35,0.495607,0.14560700000000004
12,22:16055070:G:A,22:16055070:G:A,22,16055070,G,A,10,20,3,0.15,0.134784,0.015216000000000007
