snp_index,chi_square,p_value,neg_log10_p,odds_ratio
3396,16.6094,4.592184895165677e-05,4.338,3.0589
1444,16.5575,4.7197801832515656e-05,4.3261,0.4093
7976,16.5207,4.812074667780807e-05,4.3177,0.4251
14786,15.7389,7.271155066607058e-05,4.1384,3.1544
14849,14.572,0.00013490185894318789,3.87,4.35
7430,13.7023,0.00021418834779604728,3.6692,0.3782
8579,13.6431,0.0002210566187023793,3.6555,5.407
3219,13.2331,0.00027504125727838215,3.5606,2.5154
2001,12.8268,0.0003416929985249223,3.4664,2.1329
15667,12.5312,0.0004002041309354963,3.3977,0.488
