{
  "machine": {
    "cores": 12
  },
  "keygen_s": 0.4259224160341546,
  "pub_ctx_mb": 20.075045,
  "security": 128,
  "example": {
    "n": 50,
    "length": 10001,
    "encrypt_ms_total": 1481.838250416331,
    "encrypt_ms_per": 29.63676500832662,
    "server_ms_total": 640.0667490670457,
    "server_ms_per": 12.801334981340915,
    "decrypt_ms_total": 39.05387572012842,
    "decrypt_ms_per": 0.7810775144025683,
    "wall_ms_total": 2160.958875203505,
    "blob_bytes_per": 786889,
    "blob_mb_per": 0.786889,
    "batched_input_gb": 0.03934445,
    "peak_rss_mb": 400.982016,
    "exact": true,
    "dataset": "HEPRS public example (10k SNP x 50 indiv)",
    "snps": 10001,
    "scale": 1000000,
    "encrypted_equals_plaintext_exact": true,
    "max_abs_diff_vs_their_pred": 0.261621,
    "pearson_r_vs_their_pred": 0.9999999992013955
  },
  "sweep": [
    {
      "snps": 10000,
      "samples": 50,
      "n": 50,
      "length": 10000,
      "encrypt_ms_total": 1461.8474659509957,
      "encrypt_ms_per": 29.236949319019914,
      "server_ms_total": 734.7322090063244,
      "server_ms_per": 14.694644180126488,
      "decrypt_ms_total": 40.547747048549354,
      "decrypt_ms_per": 0.8109549409709871,
      "wall_ms_total": 2237.1274220058694,
      "blob_bytes_per": 786889,
      "blob_mb_per": 0.786889,
      "batched_input_gb": 0.03934445,
      "peak_rss_mb": 426.63936,
      "exact": true
    },
    {
      "snps": 30000,
      "samples": 50,
      "n": 50,
      "length": 30000,
      "encrypt_ms_total": 2045.6544160842896,
      "encrypt_ms_per": 40.91308832168579,
      "server_ms_total": 906.339248875156,
      "server_ms_per": 18.12678497750312,
      "decrypt_ms_total": 37.508287583477795,
      "decrypt_ms_per": 0.7501657516695559,
      "wall_ms_total": 2989.5019525429234,
      "blob_bytes_per": 2098344,
      "blob_mb_per": 2.098344,
      "batched_input_gb": 0.1049172,
      "peak_rss_mb": 426.63936,
      "exact": true
    },
    {
      "snps": 50000,
      "samples": 50,
      "n": 50,
      "length": 50000,
      "encrypt_ms_total": 3316.061082063243,
      "encrypt_ms_per": 66.32122164126486,
      "server_ms_total": 1370.1304571004584,
      "server_ms_per": 27.40260914200917,
      "decrypt_ms_total": 63.431827584281564,
      "decrypt_ms_per": 1.2686365516856313,
      "wall_ms_total": 4749.623366747983,
      "blob_bytes_per": 3409799,
      "blob_mb_per": 3.409799,
      "batched_input_gb": 0.17048995,
      "peak_rss_mb": 426.63936,
      "exact": true
    },
    {
      "snps": 100000,
      "samples": 50,
      "n": 50,
      "length": 100000,
      "encrypt_ms_total": 6339.85458384268,
      "encrypt_ms_per": 126.7970916768536,
      "server_ms_total": 2216.5866284631193,
      "server_ms_per": 44.331732569262385,
      "decrypt_ms_total": 68.86991404462606,
      "decrypt_ms_per": 1.3773982808925211,
      "wall_ms_total": 8625.311126350425,
      "blob_bytes_per": 6557291,
      "blob_mb_per": 6.557291,
      "batched_input_gb": 0.32786455,
      "peak_rss_mb": 426.63936,
      "exact": true
    },
    {
      "snps": 130000,
      "samples": 50,
      "n": 50,
      "length": 130000,
      "encrypt_ms_total": 5742.209787946194,
      "encrypt_ms_per": 114.84419575892389,
      "server_ms_total": 2253.11037292704,
      "server_ms_per": 45.0622074585408,
      "decrypt_ms_total": 43.75870793592185,
      "decrypt_ms_per": 0.875174158718437,
      "wall_ms_total": 8039.078868809156,
      "blob_bytes_per": 8393328,
      "blob_mb_per": 8.393328,
      "batched_input_gb": 0.4196664,
      "peak_rss_mb": 426.63936,
      "exact": true
    },
    {
      "snps": 130000,
      "samples": 200,
      "n": 200,
      "length": 130000,
      "encrypt_ms_total": 25290.333074284717,
      "encrypt_ms_per": 126.45166537142359,
      "server_ms_total": 9609.93182985112,
      "server_ms_per": 48.0496591492556,
      "decrypt_ms_total": 203.54812836740166,
      "decrypt_ms_per": 1.0177406418370083,
      "wall_ms_total": 35103.81303250324,
      "blob_bytes_per": 8393328,
      "blob_mb_per": 8.393328,
      "batched_input_gb": 1.6786656,
      "peak_rss_mb": 426.63936,
      "exact": true
    },
    {
      "snps": 130000,
      "samples": 2000,
      "n": 2000,
      "length": 130000,
      "encrypt_ms_total": 243730.7996454183,
      "encrypt_ms_per": 121.86539982270915,
      "server_ms_total": 95199.74320253823,
      "server_ms_per": 47.599871601269115,
      "decrypt_ms_total": 1894.40751937218,
      "decrypt_ms_per": 0.94720375968609,
      "wall_ms_total": 340824.9503673287,
      "blob_bytes_per": 8393328,
      "blob_mb_per": 8.393328,
      "batched_input_gb": 16.786656,
      "peak_rss_mb": 426.63936,
      "exact": true
    }
  ],
  "headline": {
    "snps": 110258,
    "samples": 1146,
    "n": 1146,
    "length": 110258,
    "encrypt_ms_total": 108633.23549076449,
    "encrypt_ms_per": 94.79339920660078,
    "server_ms_total": 42986.47332494147,
    "server_ms_per": 37.510011627348575,
    "decrypt_ms_total": 982.2284996043891,
    "decrypt_ms_per": 0.8570929315919625,
    "wall_ms_total": 152601.93731531035,
    "blob_bytes_per": 7081873,
    "blob_mb_per": 7.081873,
    "batched_input_gb": 8.115826458,
    "peak_rss_mb": 435.765248,
    "exact": true
  }
}