pair_index,coordinate_a,coordinate_b,covariance,r2
4,22:16052986:C:A,22:16053444:A:T,0.1056,1.0
10,22:16054454:C:T,22:16054740:A:G,-0.1824,0.27020958083832336
6,22:16053659:A:C,22:16053791:C:A,0.1359999999999999,0.18963254593175882
11,22:16054740:A:G,22:16055070:G:A,0.11200000000000002,0.14670658682634732
1,22:16051249:T:C,22:16052080:G:A,-0.072,0.14062499999999997
8,22:16053862:C:T,22:16053863:G:A,-0.072,0.14062499999999997
